"RecordID";"TimeStamp";"DeltaToUTC";"UserID";"ObjectID";"Description";"Comment";"Checksum"
0;"28/01/2020 08:03:15";"+0:00";"System";"Application";"New log file during run of  on device . Project: '. - ' Build , created with .WinCC flexible RT 2008 SP3WinCC flexible RT 2008 SP3WinCC flexible RT 2008 SP3WinCC flexible RT 2008 SP3WinCC flexible RT 2008 SP3WinCC flexible RT 2008 SP3WinCC flexible RT 2008 SP3";;RhXZvH
354744;"28/01/2020 08:03:15";"+0:00";"System";"Logs";"Exporting a log.";;kZ5b+1
354745;"28/01/2020 08:03:23";"+0:00";;"Recipe";"Loading recipe number 3 ( 50ml Production ) on the interface.";;2prWiD
354746;"28/01/2020 08:03:23";"+0:00";;"Recipe";"Data trasfered to PLC";;WOTNBY
354747;"28/01/2020 08:03:23";"+0:00";;"Warning";"ALARM VACUUM SENSOR  On";;CiXvUT
354748;"28/01/2020 08:03:23";"+0:00";;"Warning";"PVSI NOT READY  On";;acS/Xc
354749;"28/01/2020 08:03:23";"+0:00";;"Warning";"PVSI AND WINCC PRODUCT DIFFERENT  On";;Yb9fod
354750;"28/01/2020 08:03:23";"+0:00";;"Warning";"PVSI NOT RUNNING   On";;XQx4r4
354751;"28/01/2020 08:03:23";"+0:00";;"Warning";"WARNING EMPTY PROGRAM ACTIVATED  On";;+q3nFe
354752;"28/01/2020 08:03:23";"+0:00";;"Warning";"WARNING ACCEPTED TRAY ALMOST FULL  On";;8heEZ8
354753;"28/01/2020 08:03:23";"+0:00";;"Warning";"MACHINE ONLINE  On";;J4YSDU
354754;"28/01/2020 08:03:23";"+0:00";;"Alarm";"EMERGENCY  On";;1bInxE
354755;"28/01/2020 08:03:23";"+0:00";;"Alarm";"COVER OPEN 1  On";;XevCr0
354756;"28/01/2020 08:03:23";"+0:00";;"Alarm";"ALARM PROFIBUS NODE 3 (ENCODER)  On";;W88Oo7
354757;"28/01/2020 08:03:23";"+0:00";;"Alarm";"ALARM PROFIBUS NODE 4 (PC)  On";;JmNkfG
354758;"28/01/2020 08:03:23";"+0:00";;"Alarm";"ALARM INFEED BELT MOTOR  On";;K1oJpV
354759;"28/01/2020 08:03:23";"+0:00";;"Alarm";"ALARM ROTATION MOTOR  On";;kK/ne/
354760;"28/01/2020 08:03:23";"+0:00";;"Alarm";"ALARM ROTATION MOTOR 2  On";;5Lyfai
354761;"28/01/2020 08:03:23";"+0:00";;"Alarm";"ALARM ROTATION MOTOR 3  On";;FyUgEU
354762;"28/01/2020 08:03:23";"+0:00";;"Alarm";"ALARM MISSING COMUNICATION WITH INTERFACE  On";;p5FVpk
354763;"28/01/2020 08:03:23";"+0:00";;"Alarm";"WARNING MISSING LOGIN OPERATION  On";;xMtLln
354764;"28/01/2020 08:03:28";"+0:00";;"Alarm";"ALARM MISSING COMUNICATION WITH INTERFACE  Off";;HF3h8d
354765;"28/01/2020 08:03:58";"+0:00";;"Alarm";"COVER OPEN 2  On";;Tqa9IJ
354766;"28/01/2020 08:08:33";"+0:00";;"Alarm";"COVER OPEN 4  On";;m7rIoj
354767;"28/01/2020 08:08:45";"+0:00";;"Alarm";"COVER OPEN 3  On";;IvemAa
354768;"28/01/2020 08:32:20";"+0:00";;"Warning";"WARNING REJECTED TRAY 2 ALMOST FULL  On";;2yvJCl
354769;"28/01/2020 08:32:20";"+0:00";;"Warning";"WARNING REJECTED TRAY 1 ALMOST FULL  On";;tU4kO7
354770;"28/01/2020 08:32:20";"+0:00";;"Warning";"WARNING REJECTED TRAY 1 ALMOST FULL  Off";;BMkEwH
354771;"28/01/2020 08:32:21";"+0:00";;"Warning";"WARNING REJECTED TRAY 2 ALMOST FULL  Off";;S1BhGe
354772;"28/01/2020 09:09:08";"+0:00";"System";"User administration";"User 'markw' logged on with group 'Operator'.";;wXjCto
354773;"28/01/2020 09:09:20";"+0:00";"markw";"Warning";"PVSI NOT RUNNING   Off";;r6yFgM
354774;"28/01/2020 09:10:51";"+0:00";"markw";"Warning";"ALARM VACUUM SENSOR  Off";;64YXrA
354775;"28/01/2020 09:10:51";"+0:00";"markw";"Warning";"PVSI NOT READY  Off";;AbHLrR
354776;"28/01/2020 09:10:51";"+0:00";"markw";"Warning";"PVSI AND WINCC PRODUCT DIFFERENT  Off";;GfTzMk
354777;"28/01/2020 09:10:51";"+0:00";"markw";"Alarm";"COVER OPEN 2  Off";;2nevBF
354778;"28/01/2020 09:10:51";"+0:00";"markw";"Alarm";"COVER OPEN 3  Off";;mM75tl
354779;"28/01/2020 09:10:51";"+0:00";"markw";"Alarm";"COVER OPEN 4  Off";;xyUWiq
354780;"28/01/2020 09:10:51";"+0:00";"markw";"Alarm";"ALARM PROFIBUS NODE 3 (ENCODER)  Off";;4Bt6C5
354781;"28/01/2020 09:10:51";"+0:00";"markw";"Alarm";"ALARM PROFIBUS NODE 4 (PC)  Off";;LRBYIr
354782;"28/01/2020 09:10:51";"+0:00";"markw";"Alarm";"WARNING MISSING LOGIN OPERATION  Off";;AMPTGj
354783;"28/01/2020 09:11:08";"+0:00";"markw";"Alarm";"COVER OPEN 1  Off";;9VSmAW
354784;"28/01/2020 09:11:09";"+0:00";"markw";"Alarm";"EMERGENCY  Off";;SKftnW
354785;"28/01/2020 09:11:09";"+0:00";"markw";"Alarm";"ALARM INFEED BELT MOTOR  Off";;J2q/8N
354786;"28/01/2020 09:11:10";"+0:00";"markw";"Alarm";"ALARM ROTATION MOTOR  Off";;yNEvbo
354787;"28/01/2020 09:11:10";"+0:00";"markw";"Alarm";"ALARM ROTATION MOTOR 2  Off";;O6wk8w
354788;"28/01/2020 09:11:10";"+0:00";"markw";"Alarm";"ALARM ROTATION MOTOR 3  Off";;tM3iDL
354789;"28/01/2020 09:12:39";"+0:00";"markw";"Alarm";"EMERGENCY  On";;Feg8qz
354790;"28/01/2020 09:12:39";"+0:00";"markw";"Alarm";"COVER OPEN 3  On";;XJG57S
354791;"28/01/2020 09:12:39";"+0:00";"markw";"Alarm";"ALARM INFEED BELT MOTOR  On";;4msgE3
354792;"28/01/2020 09:12:39";"+0:00";"markw";"Alarm";"ALARM ROTATION MOTOR  On";;xPfHe7
354793;"28/01/2020 09:12:39";"+0:00";"markw";"Alarm";"ALARM ROTATION MOTOR 2  On";;Av7oBo
354794;"28/01/2020 09:12:39";"+0:00";"markw";"Alarm";"ALARM ROTATION MOTOR 3  On";;5dMcYm
354795;"28/01/2020 09:34:33";"+0:00";"markw";"Warning";"WARNING ACCEPTED TRAY ALMOST FULL  Off";;/lSbRP
354796;"28/01/2020 09:35:40";"+0:00";"markw";"Alarm";"COVER OPEN 3  Off";;f22q/L
354797;"28/01/2020 09:35:40";"+0:00";"markw";"Alarm";"EMERGENCY  Off";;AeDv4o
354798;"28/01/2020 09:35:40";"+0:00";"markw";"Alarm";"ALARM INFEED BELT MOTOR  Off";;strHEy
354799;"28/01/2020 09:35:41";"+0:00";"markw";"Alarm";"ALARM ROTATION MOTOR  Off";;lwlVSR
354800;"28/01/2020 09:35:41";"+0:00";"markw";"Alarm";"ALARM ROTATION MOTOR 2  Off";;NIRlvb
354801;"28/01/2020 09:35:41";"+0:00";"markw";"Alarm";"ALARM ROTATION MOTOR 3  Off";;K2a2+j
354802;"28/01/2020 09:39:42";"+0:00";"markw";"Warning";"WARNING ACCEPTED TRAY ALMOST FULL  On";;WXpGzA
354803;"28/01/2020 09:40:06";"+0:00";"markw";"Alarm";"EMERGENCY  On";;BHJooN
354804;"28/01/2020 09:40:06";"+0:00";"markw";"Alarm";"COVER OPEN 2  On";;y230LM
354805;"28/01/2020 09:40:06";"+0:00";"markw";"Alarm";"ALARM INFEED BELT MOTOR  On";;NUzovM
354806;"28/01/2020 09:40:07";"+0:00";"markw";"Alarm";"ALARM ROTATION MOTOR  On";;R63xWp
354807;"28/01/2020 09:40:07";"+0:00";"markw";"Alarm";"ALARM ROTATION MOTOR 2  On";;7qITuz
354808;"28/01/2020 09:40:07";"+0:00";"markw";"Alarm";"ALARM ROTATION MOTOR 3  On";;VmJ4wh
354809;"28/01/2020 09:40:38";"+0:00";"markw";"Alarm";"COVER OPEN 1  On";;Sqj3c6
354810;"28/01/2020 09:42:45";"+0:00";"markw";"Alarm";"COVER OPEN 1  Off";;SYyoBv
354811;"28/01/2020 09:42:45";"+0:00";"markw";"Alarm";"COVER OPEN 2  Off";;dc79w8
354812;"28/01/2020 09:42:45";"+0:00";"markw";"Alarm";"EMERGENCY  Off";;IBXDbs
354813;"28/01/2020 09:42:45";"+0:00";"markw";"Alarm";"ALARM INFEED BELT MOTOR  Off";;TVvKIj
354814;"28/01/2020 09:42:46";"+0:00";"markw";"Alarm";"ALARM ROTATION MOTOR  Off";;7sYzED
354815;"28/01/2020 09:42:46";"+0:00";"markw";"Alarm";"ALARM ROTATION MOTOR 2  Off";;zGSp7f
354816;"28/01/2020 09:42:46";"+0:00";"markw";"Alarm";"ALARM ROTATION MOTOR 3  Off";;CvaSMP
354817;"28/01/2020 09:50:41";"+0:00";"System";"User administration";"User logged off.";;aQDVHZ
354818;"28/01/2020 09:50:41";"+0:00";;"Alarm";"WARNING MISSING LOGIN OPERATION  On";;qinSRG
354819;"28/01/2020 10:00:47";"+0:00";"System";"User administration";"User 'darylw' logged on with group 'Operator'.";;dnpegH
354820;"28/01/2020 10:15:48";"+0:00";"System";"User administration";"User logged off.";;CML6H/
354821;"28/01/2020 10:48:21";"+0:00";"System";"User administration";"User 'darylw' logged on with group 'Operator'.";;Peb31m
354822;"28/01/2020 10:48:22";"+0:00";"darylw";"Alarm";"WARNING MISSING LOGIN OPERATION  Off";;CuZETa
354823;"28/01/2020 10:49:28";"+0:00";"darylw";"Warning";"WARNING ACCEPTED TRAY ALMOST FULL  Off";;maL4rA
354824;"28/01/2020 10:50:51";"+0:00";"darylw";"Warning";"WARNING ACCEPTED TRAY ALMOST FULL  On";;CIRfC2
354825;"28/01/2020 10:50:59";"+0:00";"darylw";"Warning";"WARNING ACCEPTED TRAY ALMOST FULL  Off";;3QrgQp
354826;"28/01/2020 10:51:47";"+0:00";"darylw";"Warning";"WARNING ACCEPTED TRAY ALMOST FULL  On";;2IPEni
354827;"28/01/2020 10:52:09";"+0:00";"darylw";"Warning";"WARNING ACCEPTED TRAY ALMOST FULL  Off";;EK8TpQ
354828;"28/01/2020 10:52:42";"+0:00";"darylw";"Warning";"WARNING ACCEPTED TRAY ALMOST FULL  On";;UKFz00
354829;"28/01/2020 10:52:53";"+0:00";"darylw";"Warning";"WARNING ACCEPTED TRAY ALMOST FULL  Off";;oBRwOV
354830;"28/01/2020 10:53:41";"+0:00";"darylw";"Warning";"WARNING ACCEPTED TRAY ALMOST FULL  On";;+5CIa8
354831;"28/01/2020 10:53:52";"+0:00";"darylw";"Warning";"WARNING ACCEPTED TRAY ALMOST FULL  Off";;Rf2ol0
354832;"28/01/2020 10:54:26";"+0:00";"darylw";"Warning";"WARNING ACCEPTED TRAY ALMOST FULL  On";;LMH5Si
354833;"28/01/2020 10:55:04";"+0:00";"darylw";"Warning";"WARNING ACCEPTED TRAY ALMOST FULL  Off";;CMZNj4
354834;"28/01/2020 10:55:23";"+0:00";"darylw";"Warning";"WARNING ACCEPTED TRAY ALMOST FULL  On";;rMDSu3
354835;"28/01/2020 10:55:42";"+0:00";"darylw";"Warning";"WARNING ACCEPTED TRAY ALMOST FULL  Off";;Bq02LX
354836;"28/01/2020 10:56:22";"+0:00";"darylw";"Warning";"WARNING ACCEPTED TRAY ALMOST FULL  On";;TR71v7
354837;"28/01/2020 10:56:43";"+0:00";"darylw";"Warning";"WARNING ACCEPTED TRAY ALMOST FULL  Off";;Wz0eVY
354838;"28/01/2020 10:57:14";"+0:00";"darylw";"Warning";"WARNING ACCEPTED TRAY ALMOST FULL  On";;zXX4RZ
354839;"28/01/2020 10:57:42";"+0:00";"darylw";"Warning";"WARNING ACCEPTED TRAY ALMOST FULL  Off";;PD4OWs
354840;"28/01/2020 10:58:14";"+0:00";"darylw";"Warning";"WARNING ACCEPTED TRAY ALMOST FULL  On";;/Siou8
354841;"28/01/2020 10:58:44";"+0:00";"darylw";"Warning";"WARNING ACCEPTED TRAY ALMOST FULL  Off";;M6h01z
354842;"28/01/2020 10:59:12";"+0:00";"darylw";"Warning";"WARNING ACCEPTED TRAY ALMOST FULL  On";;jT6TZp
354843;"28/01/2020 10:59:35";"+0:00";"darylw";"Warning";"WARNING ACCEPTED TRAY ALMOST FULL  Off";;jN6qfS
354844;"28/01/2020 11:00:02";"+0:00";"darylw";"Warning";"WARNING ACCEPTED TRAY ALMOST FULL  On";;GDnGqL
354845;"28/01/2020 11:00:08";"+0:00";"darylw";"Warning";"WARNING ACCEPTED TRAY ALMOST FULL  Off";;brjLJg
354846;"28/01/2020 11:00:56";"+0:00";"darylw";"Warning";"WARNING ACCEPTED TRAY ALMOST FULL  On";;F1A04W
354847;"28/01/2020 11:01:02";"+0:00";"darylw";"Warning";"WARNING ACCEPTED TRAY ALMOST FULL  Off";;xjuco6
354848;"28/01/2020 11:01:52";"+0:00";"darylw";"Warning";"WARNING ACCEPTED TRAY ALMOST FULL  On";;pAzCr8
354849;"28/01/2020 11:02:20";"+0:00";"darylw";"Warning";"WARNING ACCEPTED TRAY ALMOST FULL  Off";;BGKrcK
354850;"28/01/2020 11:02:48";"+0:00";"darylw";"Warning";"WARNING ACCEPTED TRAY ALMOST FULL  On";;b5FgZ9
354851;"28/01/2020 11:03:09";"+0:00";"darylw";"Warning";"WARNING ACCEPTED TRAY ALMOST FULL  Off";;34siqc
354852;"28/01/2020 11:03:38";"+0:00";"darylw";"Warning";"WARNING ACCEPTED TRAY ALMOST FULL  On";;lBxYgw
354853;"28/01/2020 11:04:02";"+0:00";"darylw";"Warning";"WARNING ACCEPTED TRAY ALMOST FULL  Off";;+AdvaH
354854;"28/01/2020 11:04:33";"+0:00";"darylw";"Warning";"WARNING ACCEPTED TRAY ALMOST FULL  On";;M6I1/x
354855;"28/01/2020 11:04:40";"+0:00";"darylw";"Warning";"WARNING ACCEPTED TRAY ALMOST FULL  Off";;cmnupq
354856;"28/01/2020 11:05:35";"+0:00";"darylw";"Warning";"WARNING ACCEPTED TRAY ALMOST FULL  On";;6NnRyp
354857;"28/01/2020 11:05:46";"+0:00";"darylw";"Warning";"WARNING ACCEPTED TRAY ALMOST FULL  Off";;BlR0wa
354858;"28/01/2020 11:06:18";"+0:00";"darylw";"Warning";"WARNING ACCEPTED TRAY ALMOST FULL  On";;sdEUa3
354859;"28/01/2020 11:06:28";"+0:00";"darylw";"Warning";"WARNING ACCEPTED TRAY ALMOST FULL  Off";;9V2r9j
354860;"28/01/2020 11:07:09";"+0:00";"darylw";"Warning";"WARNING ACCEPTED TRAY ALMOST FULL  On";;7kmDhL
354861;"28/01/2020 11:07:15";"+0:00";"darylw";"Warning";"WARNING ACCEPTED TRAY ALMOST FULL  Off";;Kmcs31
354862;"28/01/2020 11:08:15";"+0:00";"darylw";"Warning";"WARNING ACCEPTED TRAY ALMOST FULL  On";;bkIS6S
354863;"28/01/2020 11:08:44";"+0:00";"darylw";"Warning";"WARNING ACCEPTED TRAY ALMOST FULL  Off";;Q72tAk
354864;"28/01/2020 11:09:05";"+0:00";"darylw";"Warning";"WARNING ACCEPTED TRAY ALMOST FULL  On";;u5iWdd
354865;"28/01/2020 11:09:35";"+0:00";"darylw";"Warning";"WARNING ACCEPTED TRAY ALMOST FULL  Off";;xHlxQ9
354866;"28/01/2020 11:09:42";"+0:00";"System";"User administration";"User logged off.";;UCferB
354867;"28/01/2020 11:10:05";"+0:00";;"Warning";"WARNING ACCEPTED TRAY ALMOST FULL  On";;kX+EP8
354868;"28/01/2020 11:10:33";"+0:00";;"Warning";"WARNING ACCEPTED TRAY ALMOST FULL  Off";;ubJcaQ
354869;"28/01/2020 11:10:51";"+0:00";;"Warning";"WARNING ACCEPTED TRAY ALMOST FULL  On";;LU4IwH
354870;"28/01/2020 11:11:23";"+0:00";;"Warning";"WARNING ACCEPTED TRAY ALMOST FULL  Off";;hggfHI
354871;"28/01/2020 11:11:53";"+0:00";;"Warning";"WARNING ACCEPTED TRAY ALMOST FULL  On";;26y1Km
354872;"28/01/2020 11:12:01";"+0:00";;"Warning";"WARNING ACCEPTED TRAY ALMOST FULL  Off";;e3MyU2
354873;"28/01/2020 11:12:52";"+0:00";;"Warning";"WARNING ACCEPTED TRAY ALMOST FULL  On";;LAvMSP
354874;"28/01/2020 11:13:09";"+0:00";;"Warning";"WARNING ACCEPTED TRAY ALMOST FULL  Off";;VQQ3gc
354875;"28/01/2020 11:13:42";"+0:00";;"Warning";"WARNING ACCEPTED TRAY ALMOST FULL  On";;Mnt+Sv
354876;"28/01/2020 11:14:04";"+0:00";;"Warning";"WARNING ACCEPTED TRAY ALMOST FULL  Off";;fYUnqm
354877;"28/01/2020 11:14:36";"+0:00";;"Warning";"WARNING ACCEPTED TRAY ALMOST FULL  On";;nFw/DB
354878;"28/01/2020 11:15:05";"+0:00";;"Warning";"WARNING ACCEPTED TRAY ALMOST FULL  Off";;+F6Ih/
354879;"28/01/2020 11:15:29";"+0:00";;"Warning";"WARNING ACCEPTED TRAY ALMOST FULL  On";;deB7UR
354880;"28/01/2020 11:15:55";"+0:00";;"Warning";"WARNING ACCEPTED TRAY ALMOST FULL  Off";;UuIxZG
354881;"28/01/2020 11:16:27";"+0:00";;"Warning";"WARNING ACCEPTED TRAY ALMOST FULL  On";;E7NL8w
354882;"28/01/2020 11:16:52";"+0:00";;"Warning";"WARNING ACCEPTED TRAY ALMOST FULL  Off";;lZSJFn
354883;"28/01/2020 11:17:13";"+0:00";;"Warning";"WARNING ACCEPTED TRAY ALMOST FULL  On";;JoEj57
354884;"28/01/2020 11:17:40";"+0:00";;"Warning";"WARNING ACCEPTED TRAY ALMOST FULL  Off";;i9KboT
354885;"28/01/2020 11:18:04";"+0:00";;"Warning";"WARNING ACCEPTED TRAY ALMOST FULL  On";;gT6QW0
354886;"28/01/2020 11:18:12";"+0:00";;"Warning";"WARNING ACCEPTED TRAY ALMOST FULL  Off";;v7b2rF
354887;"28/01/2020 11:19:07";"+0:00";;"Warning";"WARNING ACCEPTED TRAY ALMOST FULL  On";;ttubFe
354888;"28/01/2020 11:19:30";"+0:00";;"Warning";"WARNING ACCEPTED TRAY ALMOST FULL  Off";;5uYhJQ
354889;"28/01/2020 11:19:54";"+0:00";;"Warning";"WARNING ACCEPTED TRAY ALMOST FULL  On";;nUpZVP
354890;"28/01/2020 11:20:09";"+0:00";;"Warning";"WARNING ACCEPTED TRAY ALMOST FULL  Off";;ObRy+K
354891;"28/01/2020 11:20:52";"+0:00";;"Warning";"WARNING ACCEPTED TRAY ALMOST FULL  On";;NjqwLw
354892;"28/01/2020 11:21:17";"+0:00";;"Warning";"WARNING ACCEPTED TRAY ALMOST FULL  Off";;9sfqQI
354893;"28/01/2020 11:21:44";"+0:00";;"Warning";"WARNING ACCEPTED TRAY ALMOST FULL  On";;2CZail
354894;"28/01/2020 11:21:51";"+0:00";;"Warning";"WARNING ACCEPTED TRAY ALMOST FULL  Off";;TufY6u
354895;"28/01/2020 11:22:42";"+0:00";;"Warning";"WARNING ACCEPTED TRAY ALMOST FULL  On";;YEqdsx
354896;"28/01/2020 11:23:09";"+0:00";;"Warning";"WARNING ACCEPTED TRAY ALMOST FULL  Off";;AApLVo
354897;"28/01/2020 11:23:40";"+0:00";;"Warning";"WARNING ACCEPTED TRAY ALMOST FULL  On";;2LOk5c
354898;"28/01/2020 11:24:03";"+0:00";;"Warning";"WARNING ACCEPTED TRAY ALMOST FULL  Off";;vylWQR
354899;"28/01/2020 11:24:32";"+0:00";;"Warning";"WARNING ACCEPTED TRAY ALMOST FULL  On";;IpxSqU
354900;"28/01/2020 11:24:54";"+0:00";;"Warning";"WARNING ACCEPTED TRAY ALMOST FULL  Off";;h6QlZI
354901;"28/01/2020 11:25:32";"+0:00";;"Warning";"WARNING ACCEPTED TRAY ALMOST FULL  On";;+K4RNt
354902;"28/01/2020 11:25:55";"+0:00";;"Warning";"WARNING ACCEPTED TRAY ALMOST FULL  Off";;SWHJqj
354903;"28/01/2020 11:26:26";"+0:00";;"Warning";"WARNING ACCEPTED TRAY ALMOST FULL  On";;Gm6+85
354904;"28/01/2020 11:26:47";"+0:00";;"Warning";"WARNING ACCEPTED TRAY ALMOST FULL  Off";;EA7vyr
354905;"28/01/2020 11:27:14";"+0:00";;"Warning";"WARNING ACCEPTED TRAY ALMOST FULL  On";;7yPurd
354906;"28/01/2020 11:27:38";"+0:00";;"Warning";"WARNING ACCEPTED TRAY ALMOST FULL  Off";;JwJVR2
354907;"28/01/2020 11:28:03";"+0:00";;"Warning";"WARNING ACCEPTED TRAY ALMOST FULL  On";;XATljh
354908;"28/01/2020 11:28:28";"+0:00";;"Warning";"WARNING ACCEPTED TRAY ALMOST FULL  Off";;H9pvLK
354909;"28/01/2020 11:29:06";"+0:00";;"Warning";"WARNING ACCEPTED TRAY ALMOST FULL  On";;iojQmW
354910;"28/01/2020 11:29:17";"+0:00";;"Warning";"WARNING ACCEPTED TRAY ALMOST FULL  Off";;xx6XWa
354911;"28/01/2020 11:29:52";"+0:00";;"Warning";"WARNING ACCEPTED TRAY ALMOST FULL  On";;jV/2/e
354912;"28/01/2020 11:30:11";"+0:00";;"Warning";"WARNING ACCEPTED TRAY ALMOST FULL  Off";;IxWifY
354913;"28/01/2020 11:30:51";"+0:00";;"Warning";"WARNING ACCEPTED TRAY ALMOST FULL  On";;KzuT0+
354914;"28/01/2020 11:31:17";"+0:00";;"Warning";"WARNING ACCEPTED TRAY ALMOST FULL  Off";;Y7qwwQ
354915;"28/01/2020 11:31:49";"+0:00";;"Warning";"WARNING ACCEPTED TRAY ALMOST FULL  On";;mAvfvj
354916;"28/01/2020 11:32:01";"+0:00";;"Warning";"WARNING ACCEPTED TRAY ALMOST FULL  Off";;4MYo7z
354917;"28/01/2020 11:32:35";"+0:00";;"Warning";"WARNING ACCEPTED TRAY ALMOST FULL  On";;xVxjdd
354918;"28/01/2020 11:32:48";"+0:00";;"Warning";"WARNING ACCEPTED TRAY ALMOST FULL  Off";;zBGC6n
354919;"28/01/2020 11:33:30";"+0:00";;"Warning";"WARNING ACCEPTED TRAY ALMOST FULL  On";;9Qa1F/
354920;"28/01/2020 11:34:17";"+0:00";;"Warning";"WARNING ACCEPTED TRAY ALMOST FULL  Off";;XFNnf2
354921;"28/01/2020 11:34:21";"+0:00";;"Warning";"WARNING ACCEPTED TRAY ALMOST FULL  On";;UdHOkm
354922;"28/01/2020 11:34:34";"+0:00";;"Warning";"WARNING ACCEPTED TRAY ALMOST FULL  Off";;vTpzn4
354923;"28/01/2020 11:35:21";"+0:00";;"Warning";"WARNING ACCEPTED TRAY ALMOST FULL  On";;JHT1vc
354924;"28/01/2020 11:35:52";"+0:00";;"Warning";"WARNING ACCEPTED TRAY ALMOST FULL  Off";;i8KT2X
354925;"28/01/2020 11:36:18";"+0:00";;"Warning";"WARNING ACCEPTED TRAY ALMOST FULL  On";;Ol56tX
354926;"28/01/2020 11:36:50";"+0:00";;"Warning";"WARNING ACCEPTED TRAY ALMOST FULL  Off";;oufLqm
354927;"28/01/2020 11:37:10";"+0:00";;"Warning";"WARNING ACCEPTED TRAY ALMOST FULL  On";;Q75fMD
354928;"28/01/2020 11:37:44";"+0:00";;"Warning";"WARNING ACCEPTED TRAY ALMOST FULL  Off";;QKA/ja
354929;"28/01/2020 11:38:04";"+0:00";;"Warning";"WARNING ACCEPTED TRAY ALMOST FULL  On";;H69GEW
354930;"28/01/2020 11:38:21";"+0:00";;"Warning";"WARNING ACCEPTED TRAY ALMOST FULL  Off";;q62EMC
354931;"28/01/2020 11:39:03";"+0:00";;"Warning";"WARNING ACCEPTED TRAY ALMOST FULL  On";;5mu48h
354932;"28/01/2020 11:39:35";"+0:00";;"Warning";"WARNING ACCEPTED TRAY ALMOST FULL  Off";;bj4PIG
354933;"28/01/2020 11:39:56";"+0:00";;"Warning";"WARNING ACCEPTED TRAY ALMOST FULL  On";;8Zmyhr
354934;"28/01/2020 11:40:32";"+0:00";;"Warning";"WARNING ACCEPTED TRAY ALMOST FULL  Off";;hDe6J+
354935;"28/01/2020 11:40:49";"+0:00";;"Warning";"WARNING ACCEPTED TRAY ALMOST FULL  On";;QAn4t/
354936;"28/01/2020 11:40:59";"+0:00";;"Warning";"WARNING ACCEPTED TRAY ALMOST FULL  Off";;g3PQL2
354937;"28/01/2020 11:41:47";"+0:00";;"Warning";"WARNING ACCEPTED TRAY ALMOST FULL  On";;alPNAI
354938;"28/01/2020 11:42:15";"+0:00";;"Warning";"WARNING ACCEPTED TRAY ALMOST FULL  Off";;CHAB3x
354939;"28/01/2020 11:42:45";"+0:00";;"Warning";"WARNING ACCEPTED TRAY ALMOST FULL  On";;8ZHIjr
354940;"28/01/2020 11:43:09";"+0:00";;"Warning";"WARNING ACCEPTED TRAY ALMOST FULL  Off";;zMmbOY
354941;"28/01/2020 11:43:35";"+0:00";;"Warning";"WARNING ACCEPTED TRAY ALMOST FULL  On";;Y3ZLKA
354942;"28/01/2020 11:44:03";"+0:00";;"Warning";"WARNING ACCEPTED TRAY ALMOST FULL  Off";;CKFQG1
354943;"28/01/2020 11:44:33";"+0:00";;"Warning";"WARNING ACCEPTED TRAY ALMOST FULL  On";;eseBHj
354944;"28/01/2020 11:44:48";"+0:00";;"Warning";"WARNING ACCEPTED TRAY ALMOST FULL  Off";;3KfF4V
354945;"28/01/2020 11:45:25";"+0:00";;"Warning";"WARNING ACCEPTED TRAY ALMOST FULL  On";;VoIOGf
354946;"28/01/2020 11:45:53";"+0:00";;"Warning";"WARNING ACCEPTED TRAY ALMOST FULL  Off";;J4jWO0
354947;"28/01/2020 11:46:21";"+0:00";;"Warning";"WARNING ACCEPTED TRAY ALMOST FULL  On";;8JHgTM
354948;"28/01/2020 11:46:29";"+0:00";;"Warning";"WARNING ACCEPTED TRAY ALMOST FULL  Off";;wVQ3pn
354949;"28/01/2020 11:47:16";"+0:00";;"Warning";"WARNING ACCEPTED TRAY ALMOST FULL  On";;V6TfqH
354950;"28/01/2020 11:47:45";"+0:00";;"Warning";"WARNING ACCEPTED TRAY ALMOST FULL  Off";;ti0o80
354951;"28/01/2020 11:48:19";"+0:00";;"Warning";"WARNING ACCEPTED TRAY ALMOST FULL  On";;uhiDu7
354952;"28/01/2020 11:48:27";"+0:00";;"Warning";"WARNING ACCEPTED TRAY ALMOST FULL  Off";;MDkHF7
354953;"28/01/2020 11:49:17";"+0:00";;"Warning";"WARNING ACCEPTED TRAY ALMOST FULL  On";;dyxawh
354954;"28/01/2020 11:49:45";"+0:00";;"Warning";"WARNING ACCEPTED TRAY ALMOST FULL  Off";;EsTkU6
354955;"28/01/2020 11:50:11";"+0:00";;"Warning";"WARNING ACCEPTED TRAY ALMOST FULL  On";;4Mk7pJ
354956;"28/01/2020 11:50:19";"+0:00";;"Warning";"WARNING ACCEPTED TRAY ALMOST FULL  Off";;uWlmPh
354957;"28/01/2020 11:50:53";"+0:00";;"Warning";"WARNING ACCEPTED TRAY ALMOST FULL  On";;LpRp+0
354958;"28/01/2020 11:51:18";"+0:00";;"Warning";"WARNING ACCEPTED TRAY ALMOST FULL  Off";;N3UEam
354959;"28/01/2020 11:52:00";"+0:00";;"Warning";"WARNING ACCEPTED TRAY ALMOST FULL  On";;4xm+Mo
354960;"28/01/2020 11:52:21";"+0:00";;"Warning";"WARNING ACCEPTED TRAY ALMOST FULL  Off";;583A3k
354961;"28/01/2020 11:52:49";"+0:00";;"Warning";"WARNING ACCEPTED TRAY ALMOST FULL  On";;IX0h2E
354962;"28/01/2020 11:52:57";"+0:00";;"Warning";"WARNING ACCEPTED TRAY ALMOST FULL  Off";;V6qq6o
354963;"28/01/2020 11:53:52";"+0:00";;"Warning";"WARNING ACCEPTED TRAY ALMOST FULL  On";;/na0R8
354964;"28/01/2020 11:54:17";"+0:00";;"Warning";"WARNING ACCEPTED TRAY ALMOST FULL  Off";;+pg1qx
354965;"28/01/2020 11:54:46";"+0:00";;"Warning";"WARNING ACCEPTED TRAY ALMOST FULL  On";;Q4bod5
354966;"28/01/2020 11:55:15";"+0:00";;"Warning";"WARNING ACCEPTED TRAY ALMOST FULL  Off";;dXFUsr
354967;"28/01/2020 11:55:44";"+0:00";;"Warning";"WARNING ACCEPTED TRAY ALMOST FULL  On";;6SEBMv
354968;"28/01/2020 11:56:06";"+0:00";;"Warning";"WARNING ACCEPTED TRAY ALMOST FULL  Off";;fUWDHy
354969;"28/01/2020 11:56:31";"+0:00";;"Warning";"WARNING ACCEPTED TRAY ALMOST FULL  On";;3wDa8X
354970;"28/01/2020 11:56:40";"+0:00";;"Warning";"WARNING ACCEPTED TRAY ALMOST FULL  Off";;PFTIF8
354971;"28/01/2020 11:57:34";"+0:00";;"Warning";"WARNING ACCEPTED TRAY ALMOST FULL  On";;U1kc2I
354972;"28/01/2020 11:57:47";"+0:00";;"Warning";"WARNING ACCEPTED TRAY ALMOST FULL  Off";;PIzjSs
354973;"28/01/2020 11:58:38";"+0:00";;"Alarm";"ALARM SAFETY CLUTCH EXIT EXTRACTING STARWHEEL FOR ACCEPTED  On";;ghaoFJ
354974;"28/01/2020 11:58:38";"+0:00";;"Alarm";"WARNING MISSING LOGIN OPERATION  On";;yBOVLE
354975;"28/01/2020 11:58:38";"+0:00";;"Warning";"WARNING ACCEPTED TRAY ALMOST FULL  On";;2tX41j
354976;"28/01/2020 11:58:56";"+0:00";;"Warning";"WARNING ACCEPTED TRAY ALMOST FULL  Off";;vTyDe3
354977;"28/01/2020 11:59:03";"+0:00";;"Alarm";"EMERGENCY  On";;PDyEa+
354978;"28/01/2020 11:59:03";"+0:00";;"Alarm";"COVER OPEN 3  On";;i/flQC
354979;"28/01/2020 11:59:03";"+0:00";;"Alarm";"ALARM INFEED BELT MOTOR  On";;DwmI1Z
354980;"28/01/2020 11:59:03";"+0:00";;"Alarm";"ALARM ROTATION MOTOR  On";;60+e3N
354981;"28/01/2020 11:59:03";"+0:00";;"Alarm";"ALARM ROTATION MOTOR 2  On";;bEedic
354982;"28/01/2020 11:59:03";"+0:00";;"Alarm";"ALARM ROTATION MOTOR 3  On";;Vodawx
354983;"28/01/2020 11:59:17";"+0:00";"System";"User administration";"User 'darylw' logged on with group 'Operator'.";;qt5pc6
354984;"28/01/2020 11:59:19";"+0:00";"darylw";"Alarm";"COVER OPEN 3  Off";;QFpauF
354985;"28/01/2020 11:59:19";"+0:00";"darylw";"Alarm";"ALARM SAFETY CLUTCH EXIT EXTRACTING STARWHEEL FOR ACCEPTED  Off";;FQw4dT
354986;"28/01/2020 11:59:19";"+0:00";"darylw";"Alarm";"WARNING MISSING LOGIN OPERATION  Off";;ko3L+h
354987;"28/01/2020 11:59:19";"+0:00";"darylw";"Alarm";"EMERGENCY  Off";;5MDkYq
354988;"28/01/2020 11:59:19";"+0:00";"darylw";"Alarm";"ALARM INFEED BELT MOTOR  Off";;hKNoEI
354989;"28/01/2020 11:59:20";"+0:00";"darylw";"Alarm";"ALARM ROTATION MOTOR  Off";;KrC7m3
354990;"28/01/2020 11:59:20";"+0:00";"darylw";"Alarm";"ALARM ROTATION MOTOR 2  Off";;uKGBvU
354991;"28/01/2020 11:59:20";"+0:00";"darylw";"Alarm";"ALARM ROTATION MOTOR 3  Off";;DT2tTl
354992;"28/01/2020 12:00:00";"+0:00";"darylw";"Warning";"WARNING ACCEPTED TRAY ALMOST FULL  On";;/0R/+O
354993;"28/01/2020 12:00:37";"+0:00";"darylw";"Warning";"WARNING ACCEPTED TRAY ALMOST FULL  Off";;WO6TPY
354994;"28/01/2020 12:01:17";"+0:00";"darylw";"Warning";"WARNING ACCEPTED TRAY ALMOST FULL  On";;jC4jhK
354995;"28/01/2020 12:01:29";"+0:00";"darylw";"Warning";"WARNING ACCEPTED TRAY ALMOST FULL  Off";;NrU/bj
354996;"28/01/2020 12:02:05";"+0:00";"darylw";"Warning";"WARNING ACCEPTED TRAY ALMOST FULL  On";;upTDyP
354997;"28/01/2020 12:02:21";"+0:00";"darylw";"Warning";"WARNING ACCEPTED TRAY ALMOST FULL  Off";;YyBq/j
354998;"28/01/2020 12:03:03";"+0:00";"darylw";"Warning";"WARNING ACCEPTED TRAY ALMOST FULL  On";;ndh8Cs
354999;"28/01/2020 12:03:13";"+0:00";"darylw";"Warning";"WARNING ACCEPTED TRAY ALMOST FULL  Off";;uPkj+T
355000;"28/01/2020 12:04:06";"+0:00";"darylw";"Warning";"WARNING ACCEPTED TRAY ALMOST FULL  On";;AdGKjO
355001;"28/01/2020 12:04:06";"+0:00";"darylw";"Alarm";"ALARM SAFETY CLUTCH EXIT EXTRACTING STARWHEEL FOR ACCEPTED  On";;rIXDTJ
355002;"28/01/2020 12:04:14";"+0:00";"darylw";"Alarm";"ALARM SAFETY CLUTCH EXIT EXTRACTING STARWHEEL FOR ACCEPTED  Off";;i+UbOA
355003;"28/01/2020 12:04:17";"+0:00";"darylw";"Warning";"WARNING ACCEPTED TRAY ALMOST FULL  Off";;LF1jLm
355004;"28/01/2020 12:05:14";"+0:00";"darylw";"Warning";"WARNING ACCEPTED TRAY ALMOST FULL  On";;8nh1ag
355005;"28/01/2020 12:05:22";"+0:00";"darylw";"Warning";"WARNING ACCEPTED TRAY ALMOST FULL  Off";;toc7bP
355006;"28/01/2020 12:06:09";"+0:00";"darylw";"Warning";"WARNING ACCEPTED TRAY ALMOST FULL  On";;pCwM73
355007;"28/01/2020 12:06:21";"+0:00";"darylw";"Warning";"WARNING ACCEPTED TRAY ALMOST FULL  Off";;mHno72
355008;"28/01/2020 12:07:05";"+0:00";"darylw";"Warning";"WARNING ACCEPTED TRAY ALMOST FULL  On";;kLA6iS
355009;"28/01/2020 12:07:17";"+0:00";"darylw";"Warning";"WARNING ACCEPTED TRAY ALMOST FULL  Off";;+FIxbJ
355010;"28/01/2020 12:07:57";"+0:00";"darylw";"Warning";"WARNING ACCEPTED TRAY ALMOST FULL  On";;cdnhEl
355011;"28/01/2020 12:07:57";"+0:00";"darylw";"Warning";"WARNING ACCEPTED TRAY ALMOST FULL  Off";;f5+9/j
355012;"28/01/2020 12:07:58";"+0:00";"darylw";"Warning";"WARNING ACCEPTED TRAY ALMOST FULL  On";;q5s/5R
355013;"28/01/2020 12:08:07";"+0:00";"darylw";"Warning";"WARNING ACCEPTED TRAY ALMOST FULL  Off";;a59Xr5
355014;"28/01/2020 12:08:43";"+0:00";"darylw";"Warning";"WARNING ACCEPTED TRAY ALMOST FULL  On";;9mNuSp
355015;"28/01/2020 12:09:26";"+0:00";"darylw";"Warning";"WARNING ACCEPTED TRAY ALMOST FULL  Off";;K3pk92
355016;"28/01/2020 12:09:40";"+0:00";"darylw";"Warning";"WARNING ACCEPTED TRAY ALMOST FULL  On";;Gc66cA
355017;"28/01/2020 12:09:49";"+0:00";"darylw";"Warning";"WARNING ACCEPTED TRAY ALMOST FULL  Off";;ziFWPo
355018;"28/01/2020 12:10:31";"+0:00";"darylw";"Warning";"WARNING ACCEPTED TRAY ALMOST FULL  On";;cUe1o9
355019;"28/01/2020 12:10:43";"+0:00";"darylw";"Warning";"WARNING ACCEPTED TRAY ALMOST FULL  Off";;oqnJUG
355020;"28/01/2020 12:11:26";"+0:00";"darylw";"Warning";"WARNING ACCEPTED TRAY ALMOST FULL  On";;rxUJTA
355021;"28/01/2020 12:11:33";"+0:00";"darylw";"Warning";"WARNING ACCEPTED TRAY ALMOST FULL  Off";;jueFCB
355022;"28/01/2020 12:12:12";"+0:00";"darylw";"Warning";"WARNING ACCEPTED TRAY ALMOST FULL  On";;immvwj
355023;"28/01/2020 12:12:23";"+0:00";"darylw";"Warning";"WARNING ACCEPTED TRAY ALMOST FULL  Off";;afxh8w
355024;"28/01/2020 12:13:09";"+0:00";"darylw";"Warning";"WARNING ACCEPTED TRAY ALMOST FULL  On";;KeJHh5
355025;"28/01/2020 12:13:22";"+0:00";"darylw";"Warning";"WARNING ACCEPTED TRAY ALMOST FULL  Off";;mC5Bm6
355026;"28/01/2020 12:14:02";"+0:00";"darylw";"Warning";"WARNING ACCEPTED TRAY ALMOST FULL  On";;2m9w/A
355027;"28/01/2020 12:14:19";"+0:00";"System";"User administration";"User logged off.";;9lPPVS
355028;"28/01/2020 12:14:25";"+0:00";;"Warning";"WARNING ACCEPTED TRAY ALMOST FULL  Off";;AJnCfO
355029;"28/01/2020 12:14:51";"+0:00";;"Warning";"WARNING ACCEPTED TRAY ALMOST FULL  On";;39QgxU
355030;"28/01/2020 12:15:01";"+0:00";;"Warning";"WARNING ACCEPTED TRAY ALMOST FULL  Off";;TpA1wo
355031;"28/01/2020 12:15:50";"+0:00";;"Warning";"WARNING ACCEPTED TRAY ALMOST FULL  On";;Qw+Cxy
355032;"28/01/2020 12:16:04";"+0:00";;"Warning";"WARNING ACCEPTED TRAY ALMOST FULL  Off";;COs9oa
355033;"28/01/2020 12:16:46";"+0:00";;"Warning";"WARNING ACCEPTED TRAY ALMOST FULL  On";;Ce6xIj
355034;"28/01/2020 12:17:01";"+0:00";;"Warning";"WARNING ACCEPTED TRAY ALMOST FULL  Off";;sNQLgW
355035;"28/01/2020 12:17:34";"+0:00";;"Warning";"WARNING ACCEPTED TRAY ALMOST FULL  On";;rE33zZ
355036;"28/01/2020 12:17:45";"+0:00";;"Warning";"WARNING ACCEPTED TRAY ALMOST FULL  Off";;78EiJ6
355037;"28/01/2020 12:18:28";"+0:00";;"Warning";"WARNING ACCEPTED TRAY ALMOST FULL  On";;Ty1hi5
355038;"28/01/2020 12:18:53";"+0:00";;"Warning";"WARNING ACCEPTED TRAY ALMOST FULL  Off";;4YF2Xa
355039;"28/01/2020 12:19:16";"+0:00";;"Warning";"WARNING ACCEPTED TRAY ALMOST FULL  On";;3yV3dL
355040;"28/01/2020 12:19:52";"+0:00";;"Warning";"WARNING ACCEPTED TRAY ALMOST FULL  Off";;TIRWvF
355041;"28/01/2020 12:20:07";"+0:00";;"Warning";"WARNING ACCEPTED TRAY ALMOST FULL  On";;TYNoAj
355042;"28/01/2020 12:20:22";"+0:00";;"Warning";"WARNING ACCEPTED TRAY ALMOST FULL  Off";;pYS2rL
355043;"28/01/2020 12:21:00";"+0:00";;"Warning";"WARNING ACCEPTED TRAY ALMOST FULL  On";;4lQW/3
355044;"28/01/2020 12:21:18";"+0:00";;"Warning";"WARNING ACCEPTED TRAY ALMOST FULL  Off";;p1EGa4
355045;"28/01/2020 12:21:49";"+0:00";;"Warning";"WARNING ACCEPTED TRAY ALMOST FULL  On";;VFhSIy
355046;"28/01/2020 12:21:56";"+0:00";;"Warning";"WARNING ACCEPTED TRAY ALMOST FULL  Off";;Q774RM
355047;"28/01/2020 12:22:42";"+0:00";;"Warning";"WARNING ACCEPTED TRAY ALMOST FULL  On";;U8QbdH
355048;"28/01/2020 12:22:50";"+0:00";;"Warning";"WARNING ACCEPTED TRAY ALMOST FULL  Off";;ATISMY
355049;"28/01/2020 12:23:27";"+0:00";;"Warning";"WARNING ACCEPTED TRAY ALMOST FULL  On";;B4CeRB
355050;"28/01/2020 12:23:48";"+0:00";;"Warning";"WARNING ACCEPTED TRAY ALMOST FULL  Off";;Qnpdxb
355051;"28/01/2020 12:24:23";"+0:00";;"Warning";"WARNING ACCEPTED TRAY ALMOST FULL  On";;WDUn8g
355052;"28/01/2020 12:24:37";"+0:00";;"Warning";"WARNING ACCEPTED TRAY ALMOST FULL  Off";;tFiWZJ
355053;"28/01/2020 12:25:23";"+0:00";;"Warning";"WARNING ACCEPTED TRAY ALMOST FULL  On";;7KmPz2
355054;"28/01/2020 12:25:51";"+0:00";;"Warning";"WARNING ACCEPTED TRAY ALMOST FULL  Off";;d7qS9v
355055;"28/01/2020 12:26:21";"+0:00";;"Warning";"WARNING ACCEPTED TRAY ALMOST FULL  On";;QIES1A
355056;"28/01/2020 12:26:30";"+0:00";;"Warning";"WARNING ACCEPTED TRAY ALMOST FULL  Off";;q+YDjb
355057;"28/01/2020 12:27:00";"+0:00";;"Alarm";"WARNING MISSING LOGIN OPERATION  On";;H6ozXn
355058;"28/01/2020 12:35:15";"+0:00";"System";"User administration";"User 'darylw' logged on with group 'Operator'.";;HkiSvG
355059;"28/01/2020 12:35:15";"+0:00";"darylw";"Alarm";"WARNING MISSING LOGIN OPERATION  Off";;7uo2jx
355060;"28/01/2020 12:36:48";"+0:00";"darylw";"Warning";"WARNING ACCEPTED TRAY ALMOST FULL  On";;YaYb6j
355061;"28/01/2020 12:36:58";"+0:00";"darylw";"Warning";"WARNING ACCEPTED TRAY ALMOST FULL  Off";;8IbhnN
355062;"28/01/2020 12:37:41";"+0:00";"darylw";"Warning";"WARNING ACCEPTED TRAY ALMOST FULL  On";;CZBHVg
355063;"28/01/2020 12:37:53";"+0:00";"darylw";"Warning";"WARNING ACCEPTED TRAY ALMOST FULL  Off";;U4ZxPF
355064;"28/01/2020 12:38:34";"+0:00";"darylw";"Warning";"WARNING ACCEPTED TRAY ALMOST FULL  On";;OAjcWB
355065;"28/01/2020 12:38:44";"+0:00";"darylw";"Warning";"WARNING ACCEPTED TRAY ALMOST FULL  Off";;YCdszZ
355066;"28/01/2020 12:39:16";"+0:00";"darylw";"Warning";"WARNING ACCEPTED TRAY ALMOST FULL  On";;U+jkmn
355067;"28/01/2020 12:39:41";"+0:00";"darylw";"Warning";"WARNING ACCEPTED TRAY ALMOST FULL  Off";;gHapeY
355068;"28/01/2020 12:40:19";"+0:00";"darylw";"Warning";"WARNING ACCEPTED TRAY ALMOST FULL  On";;4v70QI
355069;"28/01/2020 12:40:42";"+0:00";"darylw";"Warning";"WARNING ACCEPTED TRAY ALMOST FULL  Off";;kyPxD5
355070;"28/01/2020 12:41:14";"+0:00";"darylw";"Warning";"WARNING ACCEPTED TRAY ALMOST FULL  On";;ts7ww/
355071;"28/01/2020 12:41:41";"+0:00";"darylw";"Warning";"WARNING ACCEPTED TRAY ALMOST FULL  Off";;t8HuNM
355072;"28/01/2020 12:42:11";"+0:00";"darylw";"Warning";"WARNING ACCEPTED TRAY ALMOST FULL  On";;/2pHL/
355073;"28/01/2020 12:42:30";"+0:00";"darylw";"Warning";"WARNING ACCEPTED TRAY ALMOST FULL  Off";;QDPVNo
355074;"28/01/2020 12:43:02";"+0:00";"darylw";"Warning";"WARNING ACCEPTED TRAY ALMOST FULL  On";;l8EyCg
355075;"28/01/2020 12:43:20";"+0:00";"darylw";"Warning";"WARNING ACCEPTED TRAY ALMOST FULL  Off";;swvWTG
355076;"28/01/2020 12:43:51";"+0:00";"darylw";"Warning";"WARNING ACCEPTED TRAY ALMOST FULL  On";;EuX5HH
355077;"28/01/2020 12:44:17";"+0:00";"darylw";"Warning";"WARNING ACCEPTED TRAY ALMOST FULL  Off";;xRrrQf
355078;"28/01/2020 12:50:16";"+0:00";"System";"User administration";"User logged off.";;m8Ew28
355079;"28/01/2020 12:50:16";"+0:00";;"Alarm";"WARNING MISSING LOGIN OPERATION  On";;yPkxlr
355080;"28/01/2020 13:33:03";"+0:00";"System";"User administration";"User 'darylw' logged on with group 'Operator'.";;iCtr9P
355081;"28/01/2020 13:38:32";"+0:00";"darylw";"Alarm";"WARNING MISSING LOGIN OPERATION  Off";;2N8ibT
355082;"28/01/2020 13:40:00";"+0:00";"darylw";"Warning";"WARNING ACCEPTED TRAY ALMOST FULL  On";;ygWrD8
355083;"28/01/2020 13:40:32";"+0:00";"darylw";"Warning";"WARNING ACCEPTED TRAY ALMOST FULL  Off";;whYXDS
355084;"28/01/2020 13:40:54";"+0:00";"darylw";"Warning";"WARNING ACCEPTED TRAY ALMOST FULL  On";;fvK/Kx
355085;"28/01/2020 13:41:11";"+0:00";"darylw";"Warning";"WARNING ACCEPTED TRAY ALMOST FULL  Off";;be+xgK
355086;"28/01/2020 13:41:45";"+0:00";"darylw";"Warning";"WARNING ACCEPTED TRAY ALMOST FULL  On";;7SBvDB
355087;"28/01/2020 13:42:01";"+0:00";"darylw";"Warning";"WARNING ACCEPTED TRAY ALMOST FULL  Off";;yPB4ah
355088;"28/01/2020 13:42:45";"+0:00";"darylw";"Warning";"WARNING ACCEPTED TRAY ALMOST FULL  On";;ENK0vq
355089;"28/01/2020 13:42:59";"+0:00";"darylw";"Warning";"WARNING ACCEPTED TRAY ALMOST FULL  Off";;DFrvfS
355090;"28/01/2020 13:43:35";"+0:00";"darylw";"Warning";"WARNING ACCEPTED TRAY ALMOST FULL  On";;sGN56M
355091;"28/01/2020 13:43:50";"+0:00";"darylw";"Warning";"WARNING ACCEPTED TRAY ALMOST FULL  Off";;zzRm0p
355092;"28/01/2020 13:44:29";"+0:00";"darylw";"Warning";"WARNING ACCEPTED TRAY ALMOST FULL  On";;r6zW57
355093;"28/01/2020 13:44:50";"+0:00";"darylw";"Warning";"WARNING ACCEPTED TRAY ALMOST FULL  Off";;/K8IGX
355094;"28/01/2020 13:45:18";"+0:00";"darylw";"Warning";"WARNING ACCEPTED TRAY ALMOST FULL  On";;gYyRao
355095;"28/01/2020 13:45:39";"+0:00";"darylw";"Warning";"WARNING ACCEPTED TRAY ALMOST FULL  Off";;9bjp3B
355096;"28/01/2020 13:46:09";"+0:00";"darylw";"Warning";"WARNING ACCEPTED TRAY ALMOST FULL  On";;5F2fa6
355097;"28/01/2020 13:46:16";"+0:00";"darylw";"Warning";"WARNING ACCEPTED TRAY ALMOST FULL  Off";;gqKqnQ
355098;"28/01/2020 13:47:04";"+0:00";"darylw";"Warning";"WARNING ACCEPTED TRAY ALMOST FULL  On";;rD0acS
355099;"28/01/2020 13:47:27";"+0:00";"darylw";"Warning";"WARNING ACCEPTED TRAY ALMOST FULL  Off";;YyV41G
355100;"28/01/2020 13:47:53";"+0:00";"darylw";"Warning";"WARNING ACCEPTED TRAY ALMOST FULL  On";;6OOL/k
355101;"28/01/2020 13:48:04";"+0:00";"System";"User administration";"User logged off.";;+XNPjH
355102;"28/01/2020 13:48:10";"+0:00";;"Warning";"WARNING ACCEPTED TRAY ALMOST FULL  Off";;b6sARv
355103;"28/01/2020 13:48:42";"+0:00";;"Warning";"WARNING ACCEPTED TRAY ALMOST FULL  On";;OFA/OC
355104;"28/01/2020 13:49:02";"+0:00";;"Warning";"WARNING ACCEPTED TRAY ALMOST FULL  Off";;CHe/kF
355105;"28/01/2020 13:49:34";"+0:00";;"Warning";"WARNING ACCEPTED TRAY ALMOST FULL  On";;LF1fRm
355106;"28/01/2020 13:49:41";"+0:00";;"Warning";"WARNING ACCEPTED TRAY ALMOST FULL  Off";;Jp6Asr
355107;"28/01/2020 13:50:25";"+0:00";;"Warning";"WARNING ACCEPTED TRAY ALMOST FULL  On";;jBJuNr
355108;"28/01/2020 13:50:38";"+0:00";;"Warning";"WARNING ACCEPTED TRAY ALMOST FULL  Off";;zwIz4S
355109;"28/01/2020 13:51:18";"+0:00";;"Warning";"WARNING ACCEPTED TRAY ALMOST FULL  On";;7QWPED
355110;"28/01/2020 13:51:46";"+0:00";;"Warning";"WARNING ACCEPTED TRAY ALMOST FULL  Off";;3LcY9D
355111;"28/01/2020 13:52:13";"+0:00";;"Warning";"WARNING ACCEPTED TRAY ALMOST FULL  On";;KE3BL3
355112;"28/01/2020 13:52:32";"+0:00";;"Warning";"WARNING ACCEPTED TRAY ALMOST FULL  Off";;TvXjNe
355113;"28/01/2020 13:53:03";"+0:00";;"Warning";"WARNING ACCEPTED TRAY ALMOST FULL  On";;VSng7x
355114;"28/01/2020 13:53:17";"+0:00";;"Warning";"WARNING ACCEPTED TRAY ALMOST FULL  Off";;jWPy7s
355115;"28/01/2020 13:53:55";"+0:00";;"Warning";"WARNING ACCEPTED TRAY ALMOST FULL  On";;b8Rz3W
355116;"28/01/2020 13:54:06";"+0:00";;"Warning";"WARNING ACCEPTED TRAY ALMOST FULL  Off";;2UrYpB
355117;"28/01/2020 13:54:44";"+0:00";;"Warning";"WARNING ACCEPTED TRAY ALMOST FULL  On";;QnOiu5
355118;"28/01/2020 13:54:52";"+0:00";;"Warning";"WARNING ACCEPTED TRAY ALMOST FULL  Off";;dn0vDk
355119;"28/01/2020 13:55:40";"+0:00";;"Warning";"WARNING ACCEPTED TRAY ALMOST FULL  On";;EU/Zzk
355120;"28/01/2020 13:56:09";"+0:00";;"Warning";"WARNING ACCEPTED TRAY ALMOST FULL  Off";;I12n6y
355121;"28/01/2020 13:56:32";"+0:00";;"Warning";"WARNING ACCEPTED TRAY ALMOST FULL  On";;ySAkoO
355122;"28/01/2020 13:56:53";"+0:00";;"Warning";"WARNING ACCEPTED TRAY ALMOST FULL  Off";;LJPGqf
355123;"28/01/2020 13:57:24";"+0:00";;"Warning";"WARNING ACCEPTED TRAY ALMOST FULL  On";;rdNikC
355124;"28/01/2020 13:57:35";"+0:00";;"Warning";"WARNING ACCEPTED TRAY ALMOST FULL  Off";;TawvPL
355125;"28/01/2020 13:58:20";"+0:00";;"Warning";"WARNING ACCEPTED TRAY ALMOST FULL  On";;MiaPpd
355126;"28/01/2020 13:58:48";"+0:00";;"Warning";"WARNING ACCEPTED TRAY ALMOST FULL  Off";;6DmQ7n
355127;"28/01/2020 13:59:14";"+0:00";;"Warning";"WARNING ACCEPTED TRAY ALMOST FULL  On";;DvLbJa
355128;"28/01/2020 13:59:45";"+0:00";;"Warning";"WARNING ACCEPTED TRAY ALMOST FULL  Off";;4Cu37y
355129;"28/01/2020 14:00:01";"+0:00";;"Warning";"WARNING ACCEPTED TRAY ALMOST FULL  On";;FX1YKd
355130;"28/01/2020 14:00:28";"+0:00";;"Warning";"WARNING ACCEPTED TRAY ALMOST FULL  Off";;svUk/D
355131;"28/01/2020 14:00:53";"+0:00";;"Warning";"WARNING ACCEPTED TRAY ALMOST FULL  On";;juB1dR
355132;"28/01/2020 14:01:10";"+0:00";;"Warning";"WARNING ACCEPTED TRAY ALMOST FULL  Off";;3/5fw+
355133;"28/01/2020 14:01:49";"+0:00";;"Warning";"WARNING ACCEPTED TRAY ALMOST FULL  On";;VKVcl3
355134;"28/01/2020 14:02:19";"+0:00";;"Warning";"WARNING ACCEPTED TRAY ALMOST FULL  Off";;O94Uvn
355135;"28/01/2020 14:02:36";"+0:00";;"Warning";"WARNING ACCEPTED TRAY ALMOST FULL  On";;IXdWD2
355136;"28/01/2020 14:02:59";"+0:00";;"Warning";"WARNING ACCEPTED TRAY ALMOST FULL  Off";;rhOEpc
355137;"28/01/2020 14:03:27";"+0:00";;"Warning";"WARNING ACCEPTED TRAY ALMOST FULL  On";;6umtyp
355138;"28/01/2020 14:03:53";"+0:00";;"Warning";"WARNING ACCEPTED TRAY ALMOST FULL  Off";;5peXeD
355139;"28/01/2020 14:04:20";"+0:00";;"Warning";"WARNING REJECTED TRAY 2 ALMOST FULL  On";;GtJTsU
355140;"28/01/2020 14:04:21";"+0:00";;"Warning";"WARNING ACCEPTED TRAY ALMOST FULL  On";;3h5Asj
355141;"28/01/2020 14:04:28";"+0:00";;"Warning";"WARNING REJECTED TRAY 2 ALMOST FULL  Off";;nM1e1W
355142;"28/01/2020 14:04:36";"+0:00";;"Warning";"WARNING ACCEPTED TRAY ALMOST FULL  Off";;6wDxWM
355143;"28/01/2020 14:05:20";"+0:00";;"Warning";"WARNING ACCEPTED TRAY ALMOST FULL  On";;uVJ2DS
355144;"28/01/2020 14:05:45";"+0:00";;"Warning";"WARNING ACCEPTED TRAY ALMOST FULL  Off";;jiIFWg
355145;"28/01/2020 14:06:07";"+0:00";;"Warning";"WARNING ACCEPTED TRAY ALMOST FULL  On";;eb04pv
355146;"28/01/2020 14:06:14";"+0:00";;"Warning";"WARNING ACCEPTED TRAY ALMOST FULL  Off";;64D5ds
355147;"28/01/2020 14:07:05";"+0:00";;"Warning";"WARNING ACCEPTED TRAY ALMOST FULL  On";;Y71tWv
355148;"28/01/2020 14:07:13";"+0:00";;"Warning";"WARNING ACCEPTED TRAY ALMOST FULL  Off";;m7vCnb
355149;"28/01/2020 14:07:56";"+0:00";;"Warning";"WARNING ACCEPTED TRAY ALMOST FULL  On";;aYs26g
355150;"28/01/2020 14:08:17";"+0:00";;"Warning";"WARNING ACCEPTED TRAY ALMOST FULL  Off";;a5l9Kz
355151;"28/01/2020 14:08:43";"+0:00";;"Warning";"WARNING ACCEPTED TRAY ALMOST FULL  On";;jKdbce
355152;"28/01/2020 14:08:51";"+0:00";;"Warning";"WARNING ACCEPTED TRAY ALMOST FULL  Off";;iKv4DR
355153;"28/01/2020 14:09:37";"+0:00";;"Warning";"WARNING ACCEPTED TRAY ALMOST FULL  On";;pD8suy
355154;"28/01/2020 14:09:44";"+0:00";;"Warning";"WARNING ACCEPTED TRAY ALMOST FULL  Off";;4lbM1u
355155;"28/01/2020 14:10:37";"+0:00";;"Warning";"WARNING ACCEPTED TRAY ALMOST FULL  On";;LydnU+
355156;"28/01/2020 14:11:03";"+0:00";;"Warning";"WARNING ACCEPTED TRAY ALMOST FULL  Off";;bc2Uab
355157;"28/01/2020 14:11:30";"+0:00";;"Warning";"WARNING ACCEPTED TRAY ALMOST FULL  On";;lWx+es
355158;"28/01/2020 14:11:45";"+0:00";;"Warning";"WARNING ACCEPTED TRAY ALMOST FULL  Off";;mKkDOG
355159;"28/01/2020 14:12:20";"+0:00";;"Warning";"WARNING ACCEPTED TRAY ALMOST FULL  On";;Eey84M
355160;"28/01/2020 14:12:41";"+0:00";;"Warning";"WARNING ACCEPTED TRAY ALMOST FULL  Off";;vjF8bF
355161;"28/01/2020 14:13:14";"+0:00";;"Warning";"WARNING ACCEPTED TRAY ALMOST FULL  On";;hT5FWs
355162;"28/01/2020 14:13:44";"+0:00";;"Warning";"WARNING ACCEPTED TRAY ALMOST FULL  Off";;xg0yYf
355163;"28/01/2020 14:14:04";"+0:00";;"Warning";"WARNING ACCEPTED TRAY ALMOST FULL  On";;W09r75
355164;"28/01/2020 14:14:30";"+0:00";;"Warning";"WARNING ACCEPTED TRAY ALMOST FULL  Off";;VzsDJp
355165;"28/01/2020 14:14:57";"+0:00";;"Warning";"WARNING ACCEPTED TRAY ALMOST FULL  On";;Iqu7Pa
355166;"28/01/2020 14:15:09";"+0:00";;"Warning";"WARNING ACCEPTED TRAY ALMOST FULL  Off";;Qos4pE
355167;"28/01/2020 14:15:54";"+0:00";;"Warning";"WARNING ACCEPTED TRAY ALMOST FULL  On";;eSE5b5
355168;"28/01/2020 14:16:20";"+0:00";;"Warning";"WARNING ACCEPTED TRAY ALMOST FULL  Off";;GCIR3e
355169;"28/01/2020 14:16:46";"+0:00";;"Warning";"WARNING ACCEPTED TRAY ALMOST FULL  On";;FwLlmz
355170;"28/01/2020 14:17:13";"+0:00";;"Warning";"WARNING ACCEPTED TRAY ALMOST FULL  Off";;9ewY4T
355171;"28/01/2020 14:17:32";"+0:00";;"Warning";"WARNING ACCEPTED TRAY ALMOST FULL  On";;rxO4o6
355172;"28/01/2020 14:17:49";"+0:00";;"Warning";"WARNING ACCEPTED TRAY ALMOST FULL  Off";;keQ74F
355173;"28/01/2020 14:18:24";"+0:00";;"Warning";"WARNING ACCEPTED TRAY ALMOST FULL  On";;HUNGR6
355174;"28/01/2020 14:18:47";"+0:00";;"Warning";"WARNING ACCEPTED TRAY ALMOST FULL  Off";;RWhjXL
355175;"28/01/2020 14:19:20";"+0:00";;"Warning";"WARNING ACCEPTED TRAY ALMOST FULL  On";;DshWSt
355176;"28/01/2020 14:19:48";"+0:00";;"Warning";"WARNING ACCEPTED TRAY ALMOST FULL  Off";;TJeAjo
355177;"28/01/2020 14:20:08";"+0:00";;"Warning";"WARNING ACCEPTED TRAY ALMOST FULL  On";;qZxVtK
355178;"28/01/2020 14:20:32";"+0:00";;"Warning";"WARNING ACCEPTED TRAY ALMOST FULL  Off";;CjkHyW
355179;"28/01/2020 14:21:03";"+0:00";;"Warning";"WARNING ACCEPTED TRAY ALMOST FULL  On";;ylsP4U
355180;"28/01/2020 14:21:26";"+0:00";;"Warning";"WARNING ACCEPTED TRAY ALMOST FULL  Off";;/VaI1D
355181;"28/01/2020 14:21:54";"+0:00";;"Warning";"WARNING ACCEPTED TRAY ALMOST FULL  On";;q3PEGI
355182;"28/01/2020 14:22:26";"+0:00";;"Warning";"WARNING ACCEPTED TRAY ALMOST FULL  Off";;rI2gef
355183;"28/01/2020 14:22:51";"+0:00";;"Warning";"WARNING ACCEPTED TRAY ALMOST FULL  On";;B43hmL
355184;"28/01/2020 14:23:22";"+0:00";;"Warning";"WARNING ACCEPTED TRAY ALMOST FULL  Off";;m0j7fn
355185;"28/01/2020 14:23:42";"+0:00";;"Warning";"WARNING ACCEPTED TRAY ALMOST FULL  On";;y9MxdE
355186;"28/01/2020 14:24:01";"+0:00";;"Warning";"WARNING ACCEPTED TRAY ALMOST FULL  Off";;OfF25Y
355187;"28/01/2020 14:24:31";"+0:00";;"Warning";"WARNING ACCEPTED TRAY ALMOST FULL  On";;SV/Vpi
355188;"28/01/2020 14:24:54";"+0:00";;"Warning";"WARNING ACCEPTED TRAY ALMOST FULL  Off";;6sI2Ws
355189;"28/01/2020 14:25:26";"+0:00";;"Warning";"WARNING ACCEPTED TRAY ALMOST FULL  On";;gthHXs
355190;"28/01/2020 14:25:46";"+0:00";;"Warning";"WARNING ACCEPTED TRAY ALMOST FULL  Off";;fnUqvC
355191;"28/01/2020 14:26:13";"+0:00";;"Warning";"WARNING ACCEPTED TRAY ALMOST FULL  On";;mf+l8l
355192;"28/01/2020 14:26:38";"+0:00";;"Warning";"WARNING ACCEPTED TRAY ALMOST FULL  Off";;rLiE/X
355193;"28/01/2020 14:27:02";"+0:00";;"Warning";"WARNING ACCEPTED TRAY ALMOST FULL  On";;hYTMgF
355194;"28/01/2020 14:27:29";"+0:00";;"Alarm";"WARNING MISSING LOGIN OPERATION  On";;qKa7qV
355195;"28/01/2020 14:27:54";"+0:00";"System";"User administration";"User 'markw' logged on with group 'Operator'.";;ZuvBq6
355196;"28/01/2020 14:28:02";"+0:00";"markw";"Alarm";"EMERGENCY  On";;uDMIZD
355197;"28/01/2020 14:28:02";"+0:00";"markw";"Alarm";"COVER OPEN 3  On";;UYKG0V
355198;"28/01/2020 14:28:02";"+0:00";"markw";"Alarm";"COVER OPEN 4  On";;lEzSKN
355199;"28/01/2020 14:28:02";"+0:00";"markw";"Alarm";"ALARM INFEED BELT MOTOR  On";;Upx6Ee
355200;"28/01/2020 14:28:02";"+0:00";"markw";"Alarm";"ALARM ROTATION MOTOR  On";;LoQYO+
355201;"28/01/2020 14:28:02";"+0:00";"markw";"Alarm";"ALARM ROTATION MOTOR 2  On";;1gPhAO
355202;"28/01/2020 14:28:02";"+0:00";"markw";"Alarm";"ALARM ROTATION MOTOR 3  On";;/fw7F6
355203;"28/01/2020 14:30:55";"+0:00";"markw";"Warning";"WARNING REJECTED TRAY 2 ALMOST FULL  On";;kYvhH/
355204;"28/01/2020 14:31:05";"+0:00";"markw";"Warning";"WARNING REJECTED TRAY 2 ALMOST FULL  Off";;w/zkE5
355205;"28/01/2020 14:31:35";"+0:00";"markw";"Alarm";"COVER OPEN 3  Off";;Qs33PP
355206;"28/01/2020 14:31:35";"+0:00";"markw";"Alarm";"COVER OPEN 4  Off";;lWv+21
355207;"28/01/2020 14:31:35";"+0:00";"markw";"Alarm";"WARNING MISSING LOGIN OPERATION  Off";;5r+T7L
355208;"28/01/2020 14:31:35";"+0:00";"markw";"Alarm";"EMERGENCY  Off";;4Znoqx
355209;"28/01/2020 14:31:35";"+0:00";"markw";"Alarm";"ALARM INFEED BELT MOTOR  Off";;5STPfk
355210;"28/01/2020 14:31:36";"+0:00";"markw";"Alarm";"ALARM ROTATION MOTOR 2  Off";;76ThH3
355211;"28/01/2020 14:31:36";"+0:00";"markw";"Alarm";"ALARM ROTATION MOTOR  Off";;PNAY89
355212;"28/01/2020 14:31:36";"+0:00";"markw";"Alarm";"ALARM ROTATION MOTOR 3  Off";;MUTou6
355213;"28/01/2020 14:33:07";"+0:00";"markw";"Alarm";"COVER OPEN 3  On";;F7IFe4
355214;"28/01/2020 14:33:07";"+0:00";"markw";"Alarm";"EMERGENCY  On";;iDxw4b
355215;"28/01/2020 14:33:07";"+0:00";"markw";"Alarm";"COVER OPEN 4  On";;DKGpmq
355216;"28/01/2020 14:33:07";"+0:00";"markw";"Alarm";"ALARM INFEED BELT MOTOR  On";;TdLovi
355217;"28/01/2020 14:33:08";"+0:00";"markw";"Alarm";"ALARM ROTATION MOTOR  On";;luVgAK
355218;"28/01/2020 14:33:08";"+0:00";"markw";"Alarm";"ALARM ROTATION MOTOR 2  On";;9r/Y20
355219;"28/01/2020 14:33:08";"+0:00";"markw";"Alarm";"ALARM ROTATION MOTOR 3  On";;ws6jfx
355220;"28/01/2020 14:49:50";"+0:00";"System";"User administration";"User logged off.";;xoJ855
355221;"28/01/2020 14:49:50";"+0:00";;"Alarm";"WARNING MISSING LOGIN OPERATION  On";;3U6OAo
355222;"28/01/2020 15:34:30";"+0:00";;"Warning";"ALARM VACUUM SENSOR  On";;VkjXQO
355223;"28/01/2020 15:34:30";"+0:00";;"Alarm";"ALARM PROFIBUS NODE 3 (ENCODER)  On";;H/2VqO
355224;"28/01/2020 15:34:30";"+0:00";;"Warning";"WARNING UPS  On";;f+bhG7
355225;"28/01/2020 15:34:33";"+0:00";;"Warning";"WARNING REJECTED TRAY 1 ALMOST FULL  On";;Pelp+Y
355226;"28/01/2020 15:34:33";"+0:00";;"Warning";"WARNING REJECTED TRAY 2 ALMOST FULL  On";;OpD4eF
355227;"28/01/2020 15:34:42";"+0:00";"System";"Application";"Shutdown application due to a power supply failure.";;JUJ4sz
0;"28/01/2020 15:34:42";"+0:00";"System";"Application";"Stopping program run of WinCC flexible RT 2008 SP3 on device MCA150-Via.";;ZFtJnG
0;"29/01/2020 09:31:44";"+0:00";"System";"Application";"Startup of  on device . Project: '. - ' Build , created with WinCC flexible RT 2008 SP3WinCC flexible RT 2008 SP3WinCC flexible RT 2008 SP3WinCC flexible RT 2008 SP3WinCC flexible RT 2008 SP3WinCC flexible RT 2008 SP3WinCC flexible RT 2008 SP3";;WnVyoQ
355228;"29/01/2020 09:31:44";"+0:00";"System";"Application";"Change to operating mode 'online'.";;hbPk2Q
355229;"29/01/2020 09:31:44";"+0:00";"System";"User administration";"Password list imported successfully.";;Bn6fQ9
0;"29/01/2020 09:31:45";"+0:00";"System";"Logs";"Log files closed.";;oGj8Ah
"$RT_COUNT$";491;WriK3w;;;;;WAnKKv
